mona,1234567764,mona@yahoo.com
adel,3456789987,Adel@gamil.com
john,4035146789,John@gmail.com
brad,321543,brad@gamil.com
maisa,400123456,maisa@yahoo.com
aida,909745,aida@yahoo.com
sarv,40322222,sarv@hotmail.com
mon,4034876463,monmonmon
ben,4037873264,ben@hotmail.com
maman,7899475934,maman@yahoo.com
marjan,79356363,marjan@hotmail.com
